{"train_acc": [0.24, 0.532, 0.78, 0.912, 0.974, 0.99, 1.0, 0.998, 1.0, 1.0, 1.0, 1.0, 1.0, 1.0, 1.0], "test_acc": [0.16666666666666666, 0.2, 0.20833333333333334, 0.20833333333333334, 0.25, 0.25833333333333336, 0.23333333333333334, 0.275, 0.23333333333333334, 0.225, 0.25, 0.2916666666666667, 0.25, 0.26666666666666666, 0.275], "train_loss": [2.168653467344859, 1.552202752658299, 0.9100540048546262, 0.46226627320524244, 0.20695443729323054, 0.10068126223863118, 0.05776844133755991, 0.033290426542479844, 0.023865121291092938, 0.016783107242118272, 0.013391608730815942, 0.01019776704543758, 0.007370217237621546, 0.004963565475514365, 0.00600605905481008], "test_loss": [2.2151798645655316, 2.493783442179362, 2.335193173090617, 2.658963425954183, 2.5057124376296995, 2.583226712544759, 2.768450967470805, 2.903121741612752, 3.0220261732737224, 2.903020707766215, 3.040358241399129, 2.987531797091166, 3.0578771511713665, 3.047714424133301, 3.038451973597209]}