{"train_acc": [0.22, 0.534, 0.776, 0.934, 0.982, 0.998, 1.0, 0.998, 1.0, 0.998, 1.0, 1.0, 1.0, 1.0, 0.998], "test_acc": [0.13333333333333333, 0.2, 0.20833333333333334, 0.225, 0.20833333333333334, 0.23333333333333334, 0.2833333333333333, 0.325, 0.2833333333333333, 0.3, 0.2833333333333333, 0.2833333333333333, 0.2833333333333333, 0.325, 0.3416666666666667], "train_loss": [2.1660705331772094, 1.504148593024602, 0.912938584410955, 0.41574029175062027, 0.18259270335473712, 0.09714920325056901, 0.053078001897249906, 0.03119551580369709, 0.027592087268001504, 0.023940937874454355, 0.01438404311839905, 0.00865532567961112, 0.007849164780170198, 0.006787434811629947, 0.011315630657398807], "test_loss": [2.2044106165568036, 2.1443050384521483, 2.3514111359914143, 2.442931302388509, 2.618310475349426, 2.6556339104970297, 2.7310309251149496, 2.7756391843159993, 2.849457120895386, 3.0000931580861407, 2.9491116364796954, 2.9690593083699546, 3.028009061018626, 3.0971933364868165, 3.1225577036539716]}