{"train_acc": [0.084, 0.096, 0.136, 0.194, 0.212, 0.274, 0.342, 0.382, 0.434, 0.458, 0.542, 0.564, 0.554, 0.628, 0.686], "test_acc": [0.14166666666666666, 0.19166666666666668, 0.125, 0.16666666666666666, 0.175, 0.14166666666666666, 0.15, 0.13333333333333333, 0.15833333333333333, 0.175, 0.24166666666666667, 0.18333333333333332, 0.18333333333333332, 0.25833333333333336, 0.2], "train_loss": [2.3788974550035267, 2.3160179683140347, 2.258612212680635, 2.1997910586614458, 2.1380272327907504, 2.0354192048784285, 1.9522380469337342, 1.8400681983856928, 1.7090076794700018, 1.600613997096107, 1.480313955791413, 1.3978495020715018, 1.3135024536223638, 1.116695953740014, 1.0311595116342818], "test_loss": [2.2878612677256265, 2.2721694310506186, 2.253992780049642, 2.2173008282979327, 2.178893295923869, 2.1920791149139403, 2.2228742599487306, 2.204651959737142, 2.2685073534647624, 2.2726792812347414, 2.295219580332438, 2.250042923291524, 2.3669585386912027, 2.4359758933385214, 2.4233808517456055]}