{"train_acc": [0.162, 0.392, 0.602, 0.742, 0.85, 0.94, 0.962, 0.974, 0.996, 0.986, 0.998, 0.996, 0.996, 0.998, 0.998], "test_acc": [0.125, 0.15, 0.175, 0.19166666666666668, 0.25, 0.25, 0.25, 0.24166666666666667, 0.21666666666666667, 0.26666666666666666, 0.23333333333333334, 0.23333333333333334, 0.24166666666666667, 0.25, 0.25], "train_loss": [2.243037218139285, 1.87925500529153, 1.4593758734445723, 1.0605799499012174, 0.741730444961124, 0.4531412749063401, 0.32504188505903125, 0.22829528673300667, 0.1312370194447419, 0.11360828492731329, 0.08219447983281007, 0.05706704100446096, 0.0438974355717027, 0.038390792326055585, 0.029156755574698014], "test_loss": [2.2435033162434896, 2.216885797182719, 2.2332178751627603, 2.2325159549713134, 2.4089104334513345, 2.4309248050053913, 2.4959201415379844, 2.5015381733576456, 2.666973272959391, 2.6411741018295287, 2.7404671986897786, 2.8506333510080974, 2.8775557200113933, 2.905399958292643, 2.918410539627075]}