{"train_acc": [0.174, 0.472, 0.536], "test_acc": [0.19166666666666668, 0.44166666666666665, 0.475], "train_loss": [2.2491393089294434, 1.8929471001029015, 1.5998547822237015], "test_loss": [2.2496549785137177, 1.918976068496704, 1.7251338809728622]}