{"train_acc": [0.148, 0.282, 0.386, 0.51, 0.636, 0.744, 0.816, 0.868, 0.91, 0.952], "test_acc": [0.2, 0.39166666666666666, 0.4583333333333333, 0.5166666666666667, 0.6, 0.6333333333333333, 0.7166666666666667, 0.7583333333333333, 0.7916666666666666, 0.8083333333333333], "train_loss": [2.281772144138813, 2.066925212740898, 1.8522663451731205, 1.6266829892992973, 1.3799065724015236, 1.0894616059958935, 0.8849848639219999, 0.7073233556002378, 0.5266454322263598, 0.40177617291919887], "test_loss": [2.2456062734127045, 2.0241171419620514, 1.8609589785337448, 1.6712154150009155, 1.5055719316005707, 1.3092004656791687, 1.1265869438648224, 0.9670450240373611, 0.8398898243904114, 0.748559009283781]}