{"train_acc": [0.136, 0.15, 0.164, 0.23, 0.264, 0.302, 0.316, 0.372, 0.37, 0.432, 0.424, 0.462, 0.516, 0.53, 0.492, 0.54, 0.576, 0.624, 0.586, 0.606], "test_acc": [0.13333333333333333, 0.175, 0.175, 0.25833333333333336, 0.3, 0.24166666666666667, 0.31666666666666665, 0.35, 0.25, 0.31666666666666665, 0.31666666666666665, 0.49166666666666664, 0.475, 0.425, 0.45, 0.4166666666666667, 0.48333333333333334, 0.5083333333333333, 0.39166666666666666, 0.48333333333333334], "train_loss": [2.806851689777677, 2.30170002059331, 2.224444890779162, 2.085582443646022, 1.983994728042966, 1.9110134858933707, 1.9380165792646862, 1.7448648460327634, 1.7564673215623885, 1.622440154590304, 1.5745172424921914, 1.5108754890305656, 1.3958905722413744, 1.3728231191635132, 1.370046471792554, 1.236686352699522, 1.1772899902056133, 1.1175827823934101, 1.178330082268942, 1.1613929938702356], "test_loss": [2.346812613805135, 2.1631549835205077, 2.2004035552342733, 2.0261951684951782, 1.8803027629852296, 2.2333850701649984, 1.7929954528808594, 1.7662557125091554, 1.8695457458496094, 1.6923983971277872, 1.8017023801803589, 1.5404847105344137, 1.6610186258951822, 1.6352335214614868, 1.674100430806478, 1.600987180074056, 1.5116669217745462, 1.6086856404940286, 1.7972915887832641, 1.578876503308614]}