{"train_acc": [0.166, 0.286, 0.264, 0.384, 0.378, 0.434, 0.502, 0.518, 0.624, 0.624, 0.644, 0.644, 0.712, 0.74, 0.782, 0.764, 0.794, 0.808, 0.826, 0.854], "test_acc": [0.2916666666666667, 0.31666666666666665, 0.3, 0.30833333333333335, 0.35833333333333334, 0.4, 0.38333333333333336, 0.4666666666666667, 0.4583333333333333, 0.5, 0.5166666666666667, 0.5416666666666666, 0.5, 0.55, 0.55, 0.5666666666666667, 0.5666666666666667, 0.5333333333333333, 0.5833333333333334, 0.575], "train_loss": [2.25772672229343, 2.131462407490564, 2.0636797613567777, 1.9050421241729978, 1.8298574591439867, 1.6955912624086653, 1.5320682563478984, 1.4312283822468348, 1.2613598534039088, 1.2103556385115972, 1.1086365741396706, 0.9994866488471864, 0.9425098035070631, 0.8747155122340672, 0.785715054898035, 0.7654994210553547, 0.6780689581046029, 0.6311396369858394, 0.5941716451493521, 0.5081975091071356], "test_loss": [2.215087636311849, 2.1106793721516928, 2.0670104662577313, 2.0228110551834106, 1.891848580042521, 1.7939840078353881, 1.7601492881774903, 1.6267671982447307, 1.5987818479537963, 1.4343762159347535, 1.4214573939641317, 1.3648753881454467, 1.358846366405487, 1.2954896847407023, 1.311816104253133, 1.2821725845336913, 1.2293709476788839, 1.26986053387324, 1.226184900601705, 1.218973739941915]}