{"train_acc": [0.116, 0.196, 0.228, 0.22, 0.216, 0.286, 0.296, 0.366, 0.364, 0.428, 0.41, 0.446, 0.47, 0.532, 0.548, 0.524, 0.556, 0.582, 0.622, 0.59, 0.65, 0.666, 0.62, 0.658, 0.674, 0.694, 0.714, 0.718, 0.736, 0.754, 0.76, 0.76, 0.796, 0.776, 0.826, 0.812], "test_acc": [0.16666666666666666, 0.2, 0.225, 0.20833333333333334, 0.23333333333333334, 0.25, 0.23333333333333334, 0.2833333333333333, 0.275, 0.2916666666666667, 0.325, 0.375, 0.38333333333333336, 0.375, 0.38333333333333336, 0.4166666666666667, 0.44166666666666665, 0.425, 0.4583333333333333, 0.525, 0.43333333333333335, 0.5333333333333333, 0.5, 0.5, 0.48333333333333334, 0.5083333333333333, 0.5166666666666667, 0.525, 0.55, 0.55, 0.5083333333333333, 0.475, 0.5416666666666666, 0.5416666666666666, 0.5333333333333333, 0.5166666666666667], "train_loss": [2.2767867669463158, 2.2186431363224983, 2.1702824011445045, 2.1189326718449593, 2.0865524150431156, 2.0185970030725002, 1.9551826976239681, 1.8821239471435547, 1.8069390803575516, 1.7335061840713024, 1.699364721775055, 1.626218594610691, 1.5742348991334438, 1.466262336820364, 1.4185051806271076, 1.3664768412709236, 1.354603637009859, 1.2834402360022068, 1.2207329981029034, 1.1967353094369173, 1.0593666080385447, 1.0392744112759829, 1.067123232409358, 1.0367306042462587, 0.9597436934709549, 0.9388616941869259, 0.8803931185975671, 0.8657973688095808, 0.8322110418230295, 0.769684006460011, 0.7699816282838583, 0.7330487640574574, 0.7916674520820379, 0.7117960331961513, 0.6010345835238695, 0.6189889246597886], "test_loss": [2.262045443058014, 2.2086245715618134, 2.1550186574459076, 2.159239709377289, 2.09610278904438, 2.035064473748207, 2.0491198897361755, 1.9558162987232208, 1.968152716755867, 1.926575019955635, 1.8999812006950378, 1.7839640825986862, 1.77846197783947, 1.8222082555294037, 1.7036849707365036, 1.6593398749828339, 1.6380378156900406, 1.5412744507193565, 1.5878271758556366, 1.4796550273895264, 1.5057680010795593, 1.4618723094463348, 1.4220864474773407, 1.4434511810541153, 1.4702195525169373, 1.407949686050415, 1.409428857266903, 1.3583601266145706, 1.4273415356874466, 1.3442721515893936, 1.392823651432991, 1.398551195859909, 1.4122955203056335, 1.4013132452964783, 1.4373140186071396, 1.4101498425006866]}