{"train_acc": [0.106, 0.116, 0.136, 0.156, 0.172, 0.188, 0.21, 0.202, 0.212, 0.24, 0.246, 0.254, 0.3, 0.25, 0.312, 0.302, 0.314, 0.322, 0.36, 0.344], "test_acc": [0.125, 0.16666666666666666, 0.18333333333333332, 0.18333333333333332, 0.225, 0.23333333333333334, 0.25833333333333336, 0.24166666666666667, 0.2833333333333333, 0.2916666666666667, 0.2916666666666667, 0.2833333333333333, 0.275, 0.2916666666666667, 0.2833333333333333, 0.26666666666666666, 0.3, 0.325, 0.30833333333333335, 0.35], "train_loss": [2.298454311158922, 2.2835440219394743, 2.2724118686857677, 2.2500730431269087, 2.241344311880687, 2.229544859083872, 2.2183039037008134, 2.203552878092206, 2.1958993616558256, 2.181971792190794, 2.174035901115054, 2.1399639977349176, 2.1367896795272827, 2.1274806185374184, 2.1178113032901096, 2.1093978654770624, 2.0826310411332147, 2.0618502677433073, 2.0511198251966447, 2.0374340575838845], "test_loss": [2.2948916435241697, 2.279813607533773, 2.2706952253977457, 2.251255655288696, 2.252178732554118, 2.230805238087972, 2.228522841135661, 2.2158058484395347, 2.2002817312876384, 2.2042610168457033, 2.191958491007487, 2.2069643338521323, 2.179251289367676, 2.170497194925944, 2.1667940457661947, 2.14865509668986, 2.1503100792566934, 2.1308966477711997, 2.13805939356486, 2.101681089401245]}