{"train_acc": [0.132, 0.194, 0.196, 0.244, 0.274, 0.27, 0.38, 0.42, 0.416, 0.45, 0.49, 0.492, 0.5, 0.52, 0.52, 0.55, 0.556, 0.556, 0.62, 0.628], "test_acc": [0.15833333333333333, 0.19166666666666668, 0.2, 0.24166666666666667, 0.2833333333333333, 0.3416666666666667, 0.3, 0.3333333333333333, 0.4083333333333333, 0.38333333333333336, 0.45, 0.4, 0.44166666666666665, 0.43333333333333335, 0.45, 0.4583333333333333, 0.44166666666666665, 0.4666666666666667, 0.45, 0.48333333333333334], "train_loss": [2.9049067762162952, 2.20213142273918, 2.185032396089463, 2.0457725392447577, 1.9997802026688107, 1.9440980723926, 1.7124280456512693, 1.6326630276346963, 1.641577659145234, 1.4861993988355, 1.5156109749324738, 1.3912003674204387, 1.344783916359856, 1.3120710788265106, 1.3409136902718317, 1.235480300963871, 1.1516182848385401, 1.2513653205500708, 1.1111045035104903, 1.0828494495815701], "test_loss": [2.298127222061157, 2.202940082550049, 2.0212984402974445, 2.0535719474156697, 2.016061719258626, 1.772507333755493, 1.7144324700037639, 1.666476027170817, 1.6715073982874553, 1.5336080312728881, 1.6120692332585653, 1.6233307401339212, 1.6915357987085977, 1.6599954168001811, 1.4047038356463115, 1.4591093897819518, 1.5065142393112183, 1.4573168357213337, 1.4101718544960022, 1.497696010271708]}