{"train_acc": [0.116, 0.202, 0.252, 0.316, 0.316, 0.358, 0.428, 0.416, 0.472, 0.51, 0.546, 0.598, 0.616, 0.666, 0.64, 0.708, 0.694, 0.694, 0.754, 0.746], "test_acc": [0.2833333333333333, 0.25833333333333336, 0.2833333333333333, 0.325, 0.3, 0.275, 0.35833333333333334, 0.325, 0.35, 0.475, 0.4083333333333333, 0.48333333333333334, 0.5166666666666667, 0.49166666666666664, 0.5083333333333333, 0.55, 0.5333333333333333, 0.5416666666666666, 0.5666666666666667, 0.575], "train_loss": [2.2645263597369194, 2.1673734560608864, 2.119441796094179, 2.0139317475259304, 1.9739053882658482, 1.8712816201150417, 1.7534578070044518, 1.6831497140228748, 1.5854704640805721, 1.4510858803987503, 1.375818643718958, 1.2833438999950886, 1.2238673493266106, 1.1266381405293941, 1.1113704461604357, 1.0108357686549425, 1.0010834485292435, 0.9258719775825739, 0.8353412579745054, 0.8051884947344661], "test_loss": [2.2430198192596436, 2.147807866334915, 2.0925505310297012, 2.0488878041505814, 2.004529520869255, 2.000579744577408, 1.85870660841465, 1.843301147222519, 1.8050005286931992, 1.6894473135471344, 1.6768804788589478, 1.5423296689987183, 1.5506203472614288, 1.4960180670022964, 1.5093824565410614, 1.4090996757149696, 1.4097416177392006, 1.3992537260055542, 1.3521828949451447, 1.3352558314800262]}