{"train_acc": [0.176, 0.262, 0.326, 0.408, 0.468, 0.46, 0.554, 0.608, 0.618, 0.674, 0.718, 0.742, 0.794, 0.772, 0.828, 0.834, 0.838, 0.854, 0.886, 0.906], "test_acc": [0.24166666666666667, 0.2916666666666667, 0.23333333333333334, 0.275, 0.4166666666666667, 0.4, 0.43333333333333335, 0.5, 0.48333333333333334, 0.5, 0.475, 0.55, 0.525, 0.5416666666666666, 0.5166666666666667, 0.5166666666666667, 0.5833333333333334, 0.575, 0.525, 0.5666666666666667], "train_loss": [2.2417975985814653, 2.081619720610361, 1.975013011977786, 1.814752291119288, 1.6848359051204862, 1.5369665414567977, 1.3719737718975733, 1.2615755058470226, 1.1643896112366328, 1.0406755322501773, 0.9416148984242999, 0.8413267069392734, 0.7530103325843811, 0.7244856556256613, 0.6201830901323803, 0.5574432769938121, 0.5648241863837318, 0.4962986759723179, 0.42660906520627795, 0.35282033894743237], "test_loss": [2.167116053899129, 2.0657695452372233, 2.061605445543925, 1.9704190413157145, 1.791788641611735, 1.7806636810302734, 1.6995593667030335, 1.58171280225118, 1.5491205255190532, 1.5166000127792358, 1.5031702359517416, 1.4496187249819437, 1.4218811829884848, 1.428471302986145, 1.44051194190979, 1.4138922095298767, 1.4810864587624868, 1.4316133817036947, 1.4899896542231241, 1.5080230355262756]}