{"train_acc": [0.184, 0.274, 0.34, 0.396, 0.466, 0.494, 0.524, 0.6, 0.66, 0.658, 0.666, 0.726, 0.722, 0.8, 0.814, 0.818, 0.872, 0.858, 0.894, 0.892], "test_acc": [0.24166666666666667, 0.18333333333333332, 0.3333333333333333, 0.31666666666666665, 0.425, 0.49166666666666664, 0.48333333333333334, 0.49166666666666664, 0.5, 0.49166666666666664, 0.5, 0.5, 0.5166666666666667, 0.5166666666666667, 0.5, 0.5333333333333333, 0.5166666666666667, 0.525, 0.55, 0.5583333333333333], "train_loss": [2.247570270583743, 2.0945358900796798, 1.9618873709724063, 1.8128272408530826, 1.6700818046690926, 1.558149390750461, 1.4005805272904654, 1.2605953017870586, 1.1466164957909357, 1.0897650165217263, 1.00504269675603, 0.9201297646477109, 0.8404789330467345, 0.7176158002444676, 0.6622978375544624, 0.6450365055648107, 0.546581835027725, 0.5072936947856631, 0.4305322378400772, 0.4457984689682249], "test_loss": [2.207566436131795, 2.149295377731323, 2.0062787691752115, 1.9002817789713542, 1.81649382909139, 1.7064195076624553, 1.6501517136891684, 1.6286089936892192, 1.5277588446935018, 1.5190706133842469, 1.5029751539230347, 1.5916309793790182, 1.502835218111674, 1.5343437870343526, 1.4491931200027466, 1.4961265484491983, 1.489989423751831, 1.5015000144640605, 1.4778203288714091, 1.4921373049418132]}