{"train_acc": [0.094, 0.182, 0.23, 0.264, 0.284, 0.308, 0.37, 0.38, 0.428, 0.444, 0.494, 0.516, 0.572, 0.562, 0.59, 0.66, 0.646, 0.65, 0.674, 0.694], "test_acc": [0.225, 0.20833333333333334, 0.16666666666666666, 0.225, 0.25, 0.24166666666666667, 0.35, 0.30833333333333335, 0.3333333333333333, 0.375, 0.4, 0.49166666666666664, 0.49166666666666664, 0.5166666666666667, 0.5166666666666667, 0.45, 0.49166666666666664, 0.55, 0.5416666666666666, 0.5083333333333333], "train_loss": [2.2905715193067278, 2.2119840421373884, 2.1421010210400535, 2.067953183537438, 2.004973544014825, 1.9200512795221238, 1.8185882568359375, 1.7621924006749714, 1.66014059573885, 1.5747655951787556, 1.4618719986506872, 1.4286100675189306, 1.301732255352868, 1.239674583313957, 1.2344103975901528, 1.0820821244565269, 1.053708693337819, 1.0125985202335177, 0.9538793081328982, 0.932614033657407], "test_loss": [2.250498580932617, 2.1709245840708413, 2.1697973251342773, 2.067210388183594, 2.01776963075002, 1.9920257488886515, 1.8797916968663533, 1.9470573981602988, 1.8227331558863322, 1.7877345959345499, 1.6650084972381591, 1.6033095161120097, 1.5789519468943278, 1.5032110611597698, 1.4821754217147827, 1.6000616312026978, 1.4878252585728964, 1.444841452439626, 1.4315045158068338, 1.4472628196080526]}