{"train_acc": [0.12, 0.26, 0.308, 0.34, 0.406, 0.494, 0.512, 0.552, 0.586, 0.596, 0.666, 0.674, 0.698, 0.726, 0.756, 0.778, 0.776, 0.79, 0.82, 0.852], "test_acc": [0.24166666666666667, 0.26666666666666666, 0.3, 0.3, 0.31666666666666665, 0.35833333333333334, 0.4666666666666667, 0.55, 0.5416666666666666, 0.5416666666666666, 0.5333333333333333, 0.5583333333333333, 0.5833333333333334, 0.525, 0.5166666666666667, 0.5166666666666667, 0.5833333333333334, 0.55, 0.5166666666666667, 0.5416666666666666], "train_loss": [2.277398881458101, 2.1672109857438104, 2.0475399664470126, 1.9352930500393821, 1.823364331608727, 1.6748763247141762, 1.577878168651036, 1.4375215759353033, 1.3288219485964095, 1.2369706186037215, 1.1125411618323553, 1.0180258183252244, 1.0013750100892687, 0.8833706653307355, 0.8044914641077556, 0.7311190210637593, 0.7012473108276488, 0.6845567888683743, 0.6243246553672684, 0.5490556013962579], "test_loss": [2.220540682474772, 2.15222282409668, 2.064148998260498, 2.0110102891921997, 1.9707230091094972, 1.8728859504063924, 1.7435197194417318, 1.6531476895014445, 1.597688372929891, 1.493517017364502, 1.4863024711608888, 1.4857429663340251, 1.4291537920633952, 1.458187170823415, 1.4111414273579916, 1.4632502794265747, 1.342622407277425, 1.3951621214548746, 1.390411631266276, 1.4459896008173625]}