{"train_acc": [0.132, 0.182, 0.22, 0.224, 0.282, 0.286, 0.296, 0.302, 0.34, 0.346, 0.452, 0.438, 0.476, 0.484, 0.52, 0.548, 0.54, 0.594, 0.596, 0.602], "test_acc": [0.2, 0.2, 0.18333333333333332, 0.20833333333333334, 0.225, 0.24166666666666667, 0.225, 0.2833333333333333, 0.30833333333333335, 0.31666666666666665, 0.3416666666666667, 0.36666666666666664, 0.4, 0.4083333333333333, 0.49166666666666664, 0.4583333333333333, 0.49166666666666664, 0.48333333333333334, 0.49166666666666664, 0.5083333333333333], "train_loss": [2.2951508536934853, 2.22694493457675, 2.165002331137657, 2.1078928522765636, 2.0591566376388073, 1.9751968681812286, 1.9394555017352104, 1.900152750313282, 1.8748048059642315, 1.7903608977794647, 1.661922063678503, 1.6679299622774124, 1.5562766157090664, 1.490372009575367, 1.4250751584768295, 1.3847173377871513, 1.3210808373987675, 1.2741350308060646, 1.1972245257347822, 1.139018937945366], "test_loss": [2.266196310520172, 2.2237991988658905, 2.1745785772800446, 2.139789342880249, 2.1228484213352203, 2.0525123178958893, 2.0712232440710068, 2.0178439915180206, 1.9551645517349243, 1.9289624392986298, 1.870607152581215, 1.8036185950040817, 1.7952890396118164, 1.7020428478717804, 1.672287032008171, 1.6514789760112762, 1.6129126697778702, 1.5761544555425644, 1.560475081205368, 1.5800470411777496]}