{"train_acc": [0.124, 0.222, 0.244, 0.338, 0.348, 0.426, 0.462, 0.474, 0.524, 0.538, 0.55, 0.598, 0.642, 0.656, 0.652, 0.662, 0.724, 0.732, 0.746, 0.768, 0.788, 0.782, 0.82, 0.824, 0.836, 0.846, 0.844, 0.866, 0.89, 0.882], "test_acc": [0.23333333333333334, 0.26666666666666666, 0.25, 0.3, 0.3333333333333333, 0.375, 0.39166666666666666, 0.4083333333333333, 0.425, 0.5, 0.5, 0.4583333333333333, 0.475, 0.5333333333333333, 0.5333333333333333, 0.5333333333333333, 0.5583333333333333, 0.5416666666666666, 0.5166666666666667, 0.5083333333333333, 0.5333333333333333, 0.5416666666666666, 0.5333333333333333, 0.5083333333333333, 0.5583333333333333, 0.5166666666666667, 0.5583333333333333, 0.5666666666666667, 0.5583333333333333, 0.5416666666666666], "train_loss": [2.2656217589974403, 2.1807225719094276, 2.101266033947468, 1.9796107597649097, 1.9001555554568768, 1.8002878203988075, 1.69924945384264, 1.6547334901988506, 1.5117893777787685, 1.3943699859082699, 1.348538925871253, 1.223603954538703, 1.152896087616682, 1.0979845952242613, 1.0315742138773203, 1.0064237490296364, 0.8890866823494434, 0.8413075022399426, 0.8322516502812505, 0.7803516900166869, 0.7189773377031088, 0.6747192945331335, 0.6090181460604072, 0.6091017965227365, 0.5610841321758926, 0.5234932154417038, 0.523529957048595, 0.48410444147884846, 0.4345010290853679, 0.44377271085977554], "test_loss": [2.228736937046051, 2.140052378177643, 2.077473133802414, 2.0139465034008026, 1.9769184589385986, 1.8853667825460434, 1.8730605691671371, 1.7691492140293121, 1.7428453266620636, 1.5938861519098282, 1.5422707498073578, 1.5545597672462463, 1.5359454303979874, 1.4844430834054947, 1.4049146920442581, 1.376953810453415, 1.5581251233816147, 1.4091713353991508, 1.4429146200418472, 1.5143850222229958, 1.4226565137505531, 1.4715256467461586, 1.535002738237381, 1.535248875617981, 1.5068619698286057, 1.5589392185211182, 1.469450518488884, 1.510848194360733, 1.6257080659270287, 1.5601418614387512]}