{"train_acc": [0.1158, 0.0566, 0.0664, 0.1134, 0.3194, 0.0836, 0.4776, 0.4212, 0.2694, 0.512], "test_acc": [0.09083333333333334, 0.085, 0.095, 0.1, 0.1, 0.1, 0.09333333333333334, 0.1, 0.1325, 0.0825], "train_loss": [2.297550823170537, 2.2396285705292187, 2.0910361201618426, 1.9389337487875844, 1.5847920724949516, 1.8552286956256951, 1.2313822261965313, 1.2935451093001868, 1.5083886093129746, 1.1464413879945066], "test_loss": [2.3117519442240395, 2.355692582130432, 2.455560286839803, 3.3695015573501585, 2.8841767644882204, 3.072959410349528, 4.321354537208875, 4.46768518447876, 4.201511199474335, 4.697909217675527]}