{"train_acc": [0.1074, 0.1498, 0.2266, 0.3778, 0.5752, 0.7262, 0.8316, 0.875, 0.909, 0.9314], "test_acc": [0.23833333333333334, 0.25833333333333336, 0.3541666666666667, 0.5025, 0.5375, 0.6566666666666666, 0.68, 0.6508333333333334, 0.66, 0.6366666666666667], "train_loss": [2.3223428786939877, 2.269603691283305, 2.1516031603904286, 1.8770596411577456, 1.5031643255501037, 1.2433836505671216, 1.0348508654126696, 0.9555759209736138, 0.9067299730458837, 0.866639087913902], "test_loss": [2.2832569385829724, 2.247719168663025, 2.1337722539901733, 1.811526031870591, 1.5879311153763218, 1.4529872160208852, 1.3542991594264382, 1.4115635219373202, 1.3699929306381626, 1.4156524633106433]}