{"train_acc": [0.0674, 0.0778, 0.0848, 0.0828, 0.09, 0.0882, 0.0846], "test_acc": [0.11416666666666667, 0.10916666666666666, 0.11, 0.105, 0.0975, 0.08916666666666667, 0.07916666666666666], "train_loss": [2.33030170428602, 2.3258672122713886, 2.322316033930718, 2.31856203682815, 2.3180136197729957, 2.3146603107452393, 2.3173508553565303], "test_loss": [2.305123906386526, 2.304578517612658, 2.304410357224314, 2.303701275273373, 2.3033284764540825, 2.3030979256880912, 2.3029398039767615]}