{"train_acc": [0.1962, 0.0668, 0.1048, 0.145, 0.164, 0.2262, 0.2702], "test_acc": [0.1525, 0.1675, 0.11333333333333333, 0.15583333333333332, 0.13, 0.1, 0.15], "train_loss": [2.3110601424028316, 2.3486918645164074, 2.2808709053185803, 2.263680415793349, 2.1444392958388163, 2.0748887873305297, 2.014954612468378], "test_loss": [2.389379577636719, 2.295627975463867, 2.3133016522725423, 2.2822339375813803, 2.3159145085016886, 2.352827310562134, 2.4254394563039146]}