{"train_acc": [0.047, 0.0556, 0.0634, 0.078, 0.0932, 0.096, 0.0942, 0.0692, 0.0988, 0.0806, 0.098, 0.0968, 0.1088, 0.1296, 0.1388, 0.1558, 0.172, 0.1808, 0.2032, 0.2202, 0.2446, 0.2658, 0.2896, 0.3162, 0.337, 0.3912, 0.3978, 0.4452, 0.4828, 0.5068], "test_acc": [0.1125, 0.12666666666666668, 0.12916666666666668, 0.12416666666666666, 0.13333333333333333, 0.12416666666666666, 0.11333333333333333, 0.16583333333333333, 0.10083333333333333, 0.20916666666666667, 0.21416666666666667, 0.205, 0.21083333333333334, 0.19333333333333333, 0.20166666666666666, 0.19083333333333333, 0.19833333333333333, 0.2025, 0.21833333333333332, 0.19666666666666666, 0.19333333333333333, 0.19666666666666666, 0.1875, 0.185, 0.1925, 0.20416666666666666, 0.2, 0.20666666666666667, 0.21666666666666667, 0.21083333333333334], "train_loss": [2.448384082770046, 2.3349079270906086, 2.3184168851828275, 2.309112579007692, 2.3066658400282076, 2.3050025354457806, 2.30560729473452, 2.3062897120849994, 2.3013252034971985, 2.3067009177389024, 2.298604026625428, 2.292010693610469, 2.2830385890188096, 2.2735568209539485, 2.2623986443386803, 2.2417324419263043, 2.2180164252655414, 2.192739806597746, 2.161831683750394, 2.1288520263720163, 2.0890320011332064, 2.04898784507679, 1.9989495752732964, 1.9507965800128406, 1.8937984720061096, 1.8250815098798727, 1.7825346159029611, 1.7281032710135737, 1.6556365105170239, 1.604154092601583], "test_loss": [2.3014696773729826, 2.301088521355077, 2.3013953158729956, 2.3010267583947432, 2.300721394388299, 2.3004564109601473, 2.298869810606304, 2.2971313125208805, 2.296765038841649, 2.2913935058995296, 2.2857715958043148, 2.2790667383294356, 2.274585748973646, 2.2709134377931295, 2.2658028979050484, 2.263197271447433, 2.2581003590633997, 2.253176061730636, 2.2541300748523914, 2.241268459119295, 2.2449495290455066, 2.233873223003588, 2.2290049101177014, 2.22870303455152, 2.2266320366608467, 2.2418300980015804, 2.264086936649523, 2.2853556118513407, 2.2802539812891105, 2.3181096127158716]}