{"train_acc": [0.5026, 0.971, 0.9978, 0.999, 0.9986], "test_acc": [0.575, 0.6833333333333333, 0.6691666666666667, 0.6733333333333333, 0.6991666666666667], "train_loss": [1.8918822381147153, 0.7038839019028245, 0.5945977166200139, 0.5764842804070491, 0.5739527249791819], "test_loss": [1.6025606205588894, 1.2110458926150673, 1.265666011132692, 1.2884442523906106, 1.2079612408813678]}