{"train_acc": [0.0532, 0.0816, 0.1046, 0.1284, 0.1548, 0.173, 0.2034, 0.2204, 0.259, 0.2946, 0.323, 0.3436, 0.3846, 0.4146, 0.4328, 0.4568, 0.4906, 0.5182, 0.5582, 0.559], "test_acc": [0.07333333333333333, 0.0825, 0.09833333333333333, 0.1225, 0.1225, 0.13166666666666665, 0.135, 0.1475, 0.15, 0.1625, 0.17, 0.1875, 0.19416666666666665, 0.19333333333333333, 0.20333333333333334, 0.205, 0.2125, 0.21416666666666667, 0.21833333333333332, 0.21833333333333332], "train_loss": [2.4272732071983167, 2.3547505414524017, 2.322304912268544, 2.2956616055851167, 2.2800616661961466, 2.2574856806867802, 2.2315981578522215, 2.2043532357810025, 2.164906647258673, 2.1192612724182323, 2.0812316477870025, 2.0400951156220115, 1.9879810802471904, 1.9311537662634073, 1.8925722349946872, 1.8397913567555217, 1.7837846745698216, 1.744050989707057, 1.6841053239072854, 1.63899615892587], "test_loss": [2.3183181540171307, 2.3096707248687744, 2.305298048655192, 2.3007145500183106, 2.296722164154053, 2.289981486002604, 2.2870078738530477, 2.2805538400014242, 2.2801341597239175, 2.276335914929708, 2.2727040004730226, 2.2706584882736207, 2.269335091908773, 2.276578113238017, 2.275160992940267, 2.280830146471659, 2.2852860164642332, 2.2912941455841063, 2.2988105138142902, 2.3062193695704143]}