{"train_acc": [0.0992, 0.0984, 0.1082, 0.1036, 0.1032, 0.0926, 0.102], "test_acc": [0.10833333333333334, 0.10833333333333334, 0.10583333333333333, 0.105, 0.10666666666666667, 0.10833333333333334, 0.1075], "train_loss": [2.3158454955378667, 2.3142209173757817, 2.311497760724418, 2.31328301188312, 2.3132913263538217, 2.3149698354020902, 2.3115450883213478], "test_loss": [2.3068552895596155, 2.3066131566700183, 2.3066611164494564, 2.3063924312591553, 2.306390687039024, 2.3061067556080066, 2.3062562440571033]}