{"train_acc": [0.0784, 0.097, 0.1124, 0.1464, 0.1684, 0.1928, 0.2304], "test_acc": [0.1, 0.11333333333333333, 0.125, 0.1375, 0.12833333333333333, 0.1825, 0.16083333333333333], "train_loss": [2.406714697234547, 2.337526624195111, 2.3073995570405224, 2.2789760142469557, 2.2545888039250723, 2.2258068951554955, 2.192392123773837], "test_loss": [2.3087130705515544, 2.302167978286743, 2.2998069095611573, 2.298480205535889, 2.2964061800638835, 2.2912407525380454, 2.2853313207626345]}