{"train_acc": [0.0776, 0.0782, 0.1076, 0.137, 0.149, 0.164, 0.1982], "test_acc": [0.11833333333333333, 0.13333333333333333, 0.14916666666666667, 0.1725, 0.1725, 0.18666666666666668, 0.185], "train_loss": [2.4215902242416774, 2.348844262738578, 2.3136913875421397, 2.293483944746633, 2.2737522627979803, 2.2515251625079316, 2.2225894109128763], "test_loss": [2.3012546412150066, 2.2992086855570477, 2.2988891410827637, 2.2958440526326496, 2.2925961430867514, 2.284728234608968, 2.2797184213002524]}