{"train_acc": [0.0964, 0.0898, 0.0904, 0.0956, 0.1036, 0.104, 0.1024, 0.1054, 0.108, 0.1086], "test_acc": [0.13166666666666665, 0.12833333333333333, 0.12583333333333332, 0.12833333333333333, 0.13416666666666666, 0.14083333333333334, 0.14333333333333334, 0.13916666666666666, 0.1425, 0.14583333333333334], "train_loss": [2.312936936569214, 2.3155434982299803, 2.3109743061065675, 2.310284321975708, 2.3102185806274416, 2.309394856262207, 2.307022275543213, 2.306888232421875, 2.3056143577575683, 2.307290361404419], "test_loss": [2.3030541849136354, 2.3020513836542764, 2.303424806594849, 2.301588722864787, 2.3013533782958984, 2.3021630509694417, 2.299838423728943, 2.300933766365051, 2.2995557339986163, 2.299358466466268]}