{"train_acc": [0.1144, 0.0926, 0.0722, 0.1214, 0.3118], "test_acc": [0.08166666666666667, 0.0925, 0.09916666666666667, 0.1, 0.0725], "train_loss": [2.2887753226315253, 2.1861692286147094, 2.0527963725903544, 1.9195428610609744, 1.552706758006693], "test_loss": [2.3133667945861816, 2.355939596494039, 2.43430775642395, 3.1642674827575683, 2.8853688287734984]}