{"train_acc": [0.341, 0.2744, 0.3744, 0.4776, 0.5702, 0.618, 0.6574, 0.6774, 0.6808, 0.6866], "test_acc": [0.1, 0.1, 0.1, 0.1, 0.1, 0.1, 0.095, 0.1, 0.0875, 0.08666666666666667], "train_loss": [2.0702156410694124, 1.9873384973526, 1.718159499502182, 1.439015376162529, 1.2285162566542625, 1.0866217890620231, 1.0101246827363968, 0.9370762372910977, 0.9024492013767361, 0.8790466676771641], "test_loss": [2.5630521615346273, 2.833609613974889, 3.495166033009688, 4.307202078079184, 4.803768029088776, 5.433688281451662, 5.704016576682528, 5.718104112334549, 6.05888200989614, 6.287795598953962]}