{"train_acc": [0.0596, 0.0686, 0.089, 0.1028, 0.1256, 0.1316, 0.1572, 0.1632, 0.192, 0.2168, 0.259, 0.2868, 0.319, 0.3538, 0.378], "test_acc": [0.09916666666666667, 0.13666666666666666, 0.11916666666666667, 0.14916666666666667, 0.16083333333333333, 0.17916666666666667, 0.2225, 0.24, 0.2916666666666667, 0.2808333333333333, 0.2925, 0.2758333333333333, 0.275, 0.275, 0.2725], "train_loss": [2.4686253885679608, 2.32554258877718, 2.3107282813591294, 2.3031635525860366, 2.294942273369318, 2.282826559453071, 2.267784166939651, 2.2512957431093046, 2.214449924758718, 2.182524595079543, 2.132459533365467, 2.0807962749577777, 2.0204232448264015, 1.954234302798404, 1.9071359045897858], "test_loss": [2.303715756064967, 2.2985511579011617, 2.295693359876934, 2.2919140865928247, 2.286295589647795, 2.275053250162225, 2.2624484363355135, 2.251976879019486, 2.227439886645267, 2.2159091359690617, 2.2038589402248987, 2.18890591044175, 2.1853751446071423, 2.189966891941271, 2.187812234226026]}