{"train_acc": [0.086, 0.04, 0.0552, 0.0964, 0.0542, 0.097, 0.1042, 0.1158, 0.1456, 0.1788, 0.2002, 0.2408, 0.2804, 0.3134, 0.3484], "test_acc": [0.1, 0.10166666666666667, 0.14833333333333334, 0.1, 0.11166666666666666, 0.10083333333333333, 0.15916666666666668, 0.1375, 0.15083333333333335, 0.1625, 0.16666666666666666, 0.19666666666666666, 0.215, 0.20583333333333334, 0.22], "train_loss": [2.437965361176023, 2.347633783984336, 2.328186765597884, 2.3125739568358012, 2.3344757936562703, 2.3202523684046072, 2.2996533008138087, 2.282468023573517, 2.268633379298411, 2.2144511983652784, 2.1848745915540464, 2.1226367453101336, 2.049412574358047, 1.99081224165145, 1.9155480755362542], "test_loss": [2.309679527031748, 2.3012684458180477, 2.2988162291677376, 2.3018832457693, 2.296442514971683, 2.294879863136693, 2.291123750962709, 2.291135038200178, 2.259278052731564, 2.2598218008091577, 2.2463481834060266, 2.2341847607963965, 2.2276208934031034, 2.2257770550878426, 2.2182338771067167]}