{"train_acc": [0.0908, 0.0942, 0.084, 0.0922, 0.0862, 0.0856, 0.0908, 0.0914, 0.0876, 0.0894], "test_acc": [0.12083333333333333, 0.11833333333333333, 0.12833333333333333, 0.11083333333333334, 0.12083333333333333, 0.12416666666666666, 0.13166666666666665, 0.115, 0.1125, 0.1275], "train_loss": [2.325226519012451, 2.317771766662598, 2.3195060443878175, 2.318221277618408, 2.319117766189575, 2.3177217967987063, 2.315683473587036, 2.314773873901367, 2.313203158187866, 2.3136896411895753], "test_loss": [2.3021455828348794, 2.302141704559326, 2.3024217732747396, 2.302125465075175, 2.30212051709493, 2.301873817443848, 2.3020351266860963, 2.3024583705266317, 2.301532859802246, 2.301325559616089]}