{"train_acc": [0.1292, 0.1152, 0.1374, 0.1576, 0.196, 0.2258, 0.2756, 0.3082, 0.3812, 0.4508], "test_acc": [0.135, 0.10666666666666667, 0.1675, 0.16833333333333333, 0.16083333333333333, 0.16, 0.15916666666666668, 0.16916666666666666, 0.17583333333333334, 0.17], "train_loss": [2.321844881439209, 2.2874849208831787, 2.2255343797683715, 2.1754759336471556, 2.0835137850761414, 2.0174848321914673, 1.9381638588905334, 1.85304498462677, 1.690684170627594, 1.5616785533189774], "test_loss": [2.3160422682762145, 2.3185841449101767, 2.3284879453976948, 2.32726952234904, 2.3609002049764, 2.421176716089249, 2.492798402706782, 2.5050943466027578, 2.6194032843907675, 2.7777959871292115]}