{"train_acc": [0.3454, 0.751, 0.9298, 0.9784, 0.9888, 0.9964, 0.997, 0.9986, 0.999, 0.999, 0.9994, 0.9988, 0.9996, 1.0, 0.9978], "test_acc": [0.19166666666666668, 0.24333333333333335, 0.27, 0.25833333333333336, 0.26166666666666666, 0.27166666666666667, 0.28833333333333333, 0.28583333333333333, 0.2625, 0.32, 0.2575, 0.2916666666666667, 0.2866666666666667, 0.27166666666666667, 0.2175], "train_loss": [2.0400207445144654, 1.1114524665355683, 0.4152624981701374, 0.16456773790568113, 0.07902336585521698, 0.044454161486402154, 0.0264827993709594, 0.018394339903164653, 0.013993685924680904, 0.010490244476730004, 0.007401976237259805, 0.008939199239155277, 0.005838343259610701, 0.0034872115194331853, 0.013478889350657119], "test_loss": [2.134690848191579, 2.160264315108458, 2.286910226556162, 2.514381065318982, 2.6760231860362302, 2.9191926794010215, 2.9944413814569515, 3.3059163006012873, 3.2708330765221034, 3.471849755230214, 3.300484207583504, 3.4612960599995373, 3.372052511203801, 3.546164891475443, 3.6462266919955924]}