{"train_acc": [0.112, 0.1214, 0.1464, 0.1626, 0.2048, 0.2518, 0.2858, 0.3246, 0.3452, 0.3764, 0.3964, 0.4308, 0.4604, 0.4924, 0.5222], "test_acc": [0.11083333333333334, 0.09583333333333334, 0.0975, 0.15833333333333333, 0.12666666666666668, 0.13666666666666666, 0.1225, 0.11, 0.13166666666666665, 0.13666666666666666, 0.13083333333333333, 0.1225, 0.12583333333333332, 0.12333333333333334, 0.1275], "train_loss": [2.303765693283081, 2.2938243618011476, 2.2722446956634523, 2.2404785148620605, 2.1836990242004393, 2.0971014713287355, 2.0242120342254637, 1.953292370033264, 1.886094156074524, 1.8123271059036254, 1.735052606010437, 1.653783817768097, 1.552085652065277, 1.46746447057724, 1.3803362405776978], "test_loss": [2.3006189489364623, 2.2986441739400227, 2.2916075579325357, 2.275626606941223, 2.250545394420624, 2.2305839347839354, 2.2308646965026857, 2.2463690010706583, 2.260426479180654, 2.2914915208021798, 2.3138900156815847, 2.361148358186086, 2.380444973707199, 2.4408402725060783, 2.5164068671067557]}