{"train_acc": [0.093, 0.0996, 0.1012, 0.0856, 0.0654], "test_acc": [0.10583333333333333, 0.1325, 0.11666666666666667, 0.10166666666666667, 0.09833333333333333], "train_loss": [2.3481203458560542, 2.320191821351219, 2.3144978425754146, 2.3138236572948125, 2.3033201785895008], "test_loss": [2.303147309621175, 2.3007317956288658, 2.3023235607147217, 2.3025057760874432, 2.302014932632446]}