{"train_acc": [0.194, 0.1838, 0.1768], "test_acc": [0.12583333333333332, 0.10833333333333334, 0.13833333333333334], "train_loss": [2.8494651687296133, 2.7775443713121777, 4.093792224515088], "test_loss": [7.102120124980023, 13.772222142470511, 9.57780294669302]}