{"train_acc": [0.1238, 0.0914, 0.0732, 0.1288, 0.1508], "test_acc": [0.07833333333333334, 0.058333333333333334, 0.06416666666666666, 0.14083333333333334, 0.14916666666666667], "train_loss": [2.284945830559959, 2.2423392941776554, 2.1701009509662468, 2.0128338851106053, 1.925985567105083], "test_loss": [2.310688975652059, 2.3397969595591226, 2.368954612414042, 2.475640834172567, 2.4859053055445353]}