{"train_acc": [0.103, 0.1004, 0.0972], "test_acc": [0.11333333333333333, 0.11416666666666667, 0.115], "train_loss": [2.5060171175606643, 2.5032540061805824, 2.5096700644191308], "test_loss": [2.3614234861574674, 2.3653434640482853, 2.360912799835205]}