{"train_acc": [0.0504, 0.0742, 0.0906, 0.0846, 0.0976, 0.0998, 0.1036, 0.1018, 0.1152, 0.1132, 0.1136, 0.1174, 0.1244, 0.1284, 0.139, 0.1572, 0.1874, 0.1984, 0.2148, 0.2534, 0.2808, 0.3142, 0.3444, 0.3846, 0.3994, 0.4404, 0.474, 0.5006, 0.5274, 0.5606], "test_acc": [0.1025, 0.10916666666666666, 0.09916666666666667, 0.09416666666666666, 0.09416666666666666, 0.10833333333333334, 0.115, 0.12333333333333334, 0.11666666666666667, 0.14083333333333334, 0.20416666666666666, 0.16833333333333333, 0.1525, 0.14166666666666666, 0.12833333333333333, 0.145, 0.14083333333333334, 0.165, 0.1875, 0.19833333333333333, 0.2125, 0.19583333333333333, 0.17416666666666666, 0.17166666666666666, 0.165, 0.16166666666666665, 0.16, 0.15666666666666668, 0.17583333333333334, 0.165], "train_loss": [2.4513422009311143, 2.331581668008732, 2.3156280215782457, 2.310133644297153, 2.306662254695651, 2.3053058461297917, 2.3033277837536, 2.302751103533974, 2.2989834109439125, 2.2955038517336304, 2.2925871625731262, 2.2812983506842506, 2.26951768881158, 2.252939954588685, 2.2332457047474534, 2.204890522775771, 2.1684190351751784, 2.130401827112029, 2.09803387484973, 2.0467356473584717, 1.9898522066164621, 1.9276139826714238, 1.8702687523033046, 1.8143849946275543, 1.7582053323335285, 1.6955392345597473, 1.633413089981562, 1.5875083856944796, 1.5380160484132888, 1.4860056578358518], "test_loss": [2.302810217204847, 2.3015855864474646, 2.301469790308099, 2.30132374010588, 2.3016691709819592, 2.3005538112238835, 2.2996377568495903, 2.298789701963726, 2.2969691878870915, 2.291066884994507, 2.2854386756294653, 2.2770221860785234, 2.2712850696162175, 2.261108900371351, 2.2485077506617497, 2.2412188931515344, 2.2342607096621863, 2.228064781741092, 2.2225134498194645, 2.2179902666493465, 2.221513127025805, 2.230323396230999, 2.242074809576336, 2.2621754156915763, 2.268722502808822, 2.2955075376912166, 2.3072464026902852, 2.31581081214704, 2.3404261752178797, 2.362700023149189]}