{"train_acc": [0.159, 0.1104, 0.1648, 0.2188, 0.301, 0.3866, 0.4756, 0.581, 0.6586, 0.7182], "test_acc": [0.14, 0.15833333333333333, 0.15916666666666668, 0.135, 0.14166666666666666, 0.14833333333333334, 0.14166666666666666, 0.14916666666666667, 0.1075, 0.1125], "train_loss": [2.2434812039375305, 2.2170327522277833, 2.0688123356819155, 1.9276301677703858, 1.7691134459018707, 1.5761101757764817, 1.372635795378685, 1.163279597365856, 0.9843029441356659, 0.8317628323793411], "test_loss": [2.3675361053148904, 2.414387322266897, 2.5876921204725902, 2.8308805175622305, 3.0377956746021906, 3.3377631900707883, 3.734373858024677, 3.994179946084817, 4.366700006561975, 4.759789400547743]}