{"train_acc": [0.0914, 0.043, 0.0572, 0.066, 0.0706, 0.0812, 0.0906, 0.1062, 0.1312, 0.1482, 0.1942, 0.2232, 0.2644, 0.2968, 0.3338], "test_acc": [0.10166666666666667, 0.10333333333333333, 0.12333333333333334, 0.16083333333333333, 0.15833333333333333, 0.185, 0.18416666666666667, 0.1775, 0.17166666666666666, 0.17, 0.16916666666666666, 0.17, 0.18, 0.19833333333333333, 0.22666666666666666], "train_loss": [2.4499182951678136, 2.346701535449666, 2.325573705563879, 2.3241978982451617, 2.321896425478018, 2.312980756638156, 2.2952181533643397, 2.2761833819614092, 2.252108097076416, 2.2204039757418785, 2.165666032748617, 2.1240927110052414, 2.0576637801091384, 2.005341058324097, 1.933396406614097], "test_loss": [2.3024841923462716, 2.29816766789085, 2.2963026950233862, 2.2944524539144417, 2.2909472741578756, 2.280990581763418, 2.2706645476190666, 2.2606253435737207, 2.252959141605779, 2.239715723614944, 2.2355061173439026, 2.2247347235679626, 2.2055978618170085, 2.19103237202293, 2.179348060959264]}