{"train_acc": [0.1398, 0.0638, 0.0936, 0.1102, 0.1266, 0.1552, 0.1962, 0.2494, 0.3286, 0.4052, 0.481, 0.5518, 0.6224, 0.6658, 0.7112], "test_acc": [0.105, 0.1, 0.15833333333333333, 0.1575, 0.1475, 0.16416666666666666, 0.16416666666666666, 0.16666666666666666, 0.1575, 0.15416666666666667, 0.15416666666666667, 0.14083333333333334, 0.14083333333333334, 0.15166666666666667, 0.14666666666666667], "train_loss": [2.340177842793754, 2.3753970716708004, 2.3311114813953924, 2.2824265850237766, 2.22639460685535, 2.1499919316258294, 2.0553613451723094, 1.9534142826692746, 1.8263253996166557, 1.7080742745353772, 1.5602643718353857, 1.445148842212872, 1.3198003050999139, 1.2456330643675197, 1.1827817001281835], "test_loss": [2.335865513483683, 2.307932748794556, 2.3158052666982014, 2.36644672870636, 2.4291197141011556, 2.4830288616816203, 2.5674464337031044, 2.6076383932431537, 2.7618913586934406, 2.7810818266868593, 2.9697642358144125, 3.0888185358047484, 3.448684606552124, 3.5895162717501323, 3.5860448797543842]}