{"train_acc": [0.0876, 0.0994, 0.0936], "test_acc": [0.1475, 0.14416666666666667, 0.1475], "train_loss": [2.339897599401353, 2.3271897140937514, 2.3283677010596553], "test_loss": [2.3017140438682153, 2.301229163220054, 2.3001537197514583]}