{"train_acc": [0.0836, 0.0818, 0.0778, 0.0832, 0.09, 0.0916, 0.0992, 0.0942, 0.0932, 0.1022, 0.0962, 0.1058, 0.1018, 0.103, 0.1098, 0.1072, 0.1102, 0.1188, 0.1256, 0.1224, 0.1236, 0.1308, 0.1406, 0.1396, 0.13, 0.1386, 0.1378, 0.1452, 0.1512, 0.1536], "test_acc": [0.1025, 0.10083333333333333, 0.1025, 0.09916666666666667, 0.10583333333333333, 0.10416666666666667, 0.09666666666666666, 0.1025, 0.1025, 0.11333333333333333, 0.11, 0.11416666666666667, 0.12666666666666668, 0.12833333333333333, 0.12333333333333334, 0.13166666666666665, 0.13583333333333333, 0.14083333333333334, 0.14083333333333334, 0.15, 0.15583333333333332, 0.1625, 0.16666666666666666, 0.17583333333333334, 0.17166666666666666, 0.16666666666666666, 0.1775, 0.18166666666666667, 0.1775, 0.18], "train_loss": [2.3304268981837017, 2.326587637768516, 2.32541957686219, 2.3223491861850403, 2.3150271071663386, 2.3157563481149794, 2.309884846964969, 2.310947143578831, 2.3111968764775916, 2.3069859577130667, 2.3078208030024663, 2.3053756937195984, 2.304012639613091, 2.301946039441266, 2.299590638921231, 2.3004520874989183, 2.299408846263644, 2.29666607892966, 2.2944057108480718, 2.2914857743661616, 2.2931458316271818, 2.2919318645815308, 2.2891822887372366, 2.2850357701506794, 2.2878526947166344, 2.287299780906001, 2.2856086899962604, 2.281994602348231, 2.2817101599294927, 2.276215846025491], "test_loss": [2.3035928199165747, 2.3026170479623893, 2.3023778639341654, 2.3016459941864014, 2.3010437865006295, 2.3007536561865556, 2.300371998234799, 2.300150143472772, 2.2996820023185327, 2.299517882497687, 2.2991145911969637, 2.2989132529810856, 2.29795167320653, 2.297816125970138, 2.2972463055660852, 2.2967770225123356, 2.296216789044832, 2.295763291810688, 2.2952637923391244, 2.2944036408474573, 2.2937764870493034, 2.2932179601568925, 2.2923417718786943, 2.291900308508622, 2.291397395886873, 2.290767506549233, 2.290097801308883, 2.289347347460295, 2.2884181047740735, 2.2877856555737948]}