{"train_acc": [0.1502, 0.0622, 0.0626, 0.0624, 0.0534, 0.0656, 0.0586, 0.067, 0.0524, 0.0634], "test_acc": [0.1, 0.1025, 0.095, 0.09916666666666667, 0.10166666666666667, 0.1, 0.1, 0.1, 0.09916666666666667, 0.1], "train_loss": [2.2656814739227293, 2.34462214717865, 2.3279041578292845, 2.3199550704956056, 2.3217428956985473, 2.3275019523620606, 2.3233621355056764, 2.313465591812134, 2.3231658561706543, 2.3067132467269897], "test_loss": [2.3191478721300762, 2.306058858235677, 2.3062210750579832, 2.3084922647476196, 2.3079937410354616, 2.305178019205729, 2.304444317817688, 2.309847065607707, 2.3084822511672973, 2.3150591405232746]}