{"train_acc": [0.091, 0.1086, 0.123], "test_acc": [0.16666666666666666, 0.20166666666666666, 0.19166666666666668], "train_loss": [2.488931278639202, 2.3492406304878526, 2.3188861910300917], "test_loss": [2.2410042913336503, 2.2383976861050257, 2.2499729771363106]}