{"train_acc": [0.0944, 0.097, 0.0876], "test_acc": [0.12166666666666667, 0.12166666666666667, 0.12083333333333333], "train_loss": [2.323943234697173, 2.3231508611123775, 2.3232926748975924], "test_loss": [2.323194240268908, 2.3217992782592773, 2.322417008249383]}