{"train_acc": [0.0682, 0.0768, 0.0824, 0.0892, 0.1016, 0.1076, 0.1102, 0.1256, 0.1442, 0.1554, 0.1626, 0.1786, 0.19, 0.207, 0.2058], "test_acc": [0.1175, 0.10916666666666666, 0.11583333333333333, 0.12666666666666668, 0.13833333333333334, 0.12666666666666668, 0.14166666666666666, 0.15583333333333332, 0.1425, 0.16916666666666666, 0.17416666666666666, 0.19583333333333333, 0.19916666666666666, 0.2025, 0.2275], "train_loss": [2.339601815885799, 2.326662956529362, 2.3209991394334537, 2.315769476495731, 2.3053038454359505, 2.300651000563506, 2.2982878153491173, 2.2913952602702343, 2.2870414196305973, 2.2800993949744353, 2.2768806378552866, 2.270794575381431, 2.263458552633881, 2.2549526995154703, 2.251634216612312], "test_loss": [2.3071674233988713, 2.303752070979068, 2.3017800795404533, 2.2984783963153235, 2.2977666227441085, 2.296560990182977, 2.2930630759189, 2.290386306612115, 2.289395438997369, 2.285870909690857, 2.283345423246685, 2.279885122650548, 2.277390768653468, 2.2734359314567163, 2.270037556949415]}