{"train_acc": [0.121, 0.119, 0.1604, 0.2052, 0.2608, 0.3116, 0.3772, 0.4286, 0.4844, 0.5126, 0.5774, 0.5946, 0.6284, 0.6612, 0.6786], "test_acc": [0.13416666666666666, 0.13583333333333333, 0.13416666666666666, 0.13833333333333334, 0.1625, 0.1675, 0.1775, 0.1875, 0.18583333333333332, 0.1875, 0.1975, 0.19833333333333333, 0.20583333333333334, 0.2, 0.20083333333333334], "train_loss": [2.3585043460845947, 2.298129362678528, 2.216295745277405, 2.129114203071594, 2.026453385257721, 1.938725034713745, 1.8304141589164733, 1.7379541724205017, 1.6351060622692108, 1.5548432070493698, 1.4435068346381188, 1.3813922629356383, 1.2903914830684662, 1.2101167371153831, 1.1361161179065704], "test_loss": [2.374936233361562, 2.377792410850525, 2.372025316556295, 2.3774341809749604, 2.3764962764581044, 2.396813870271047, 2.413030116160711, 2.4197410468260445, 2.4601906685034436, 2.479392478863398, 2.5062339536348976, 2.5699824686845143, 2.5665586197376253, 2.5985107880830767, 2.6675190395116806]}