{"train_acc": [0.117, 0.1068, 0.119, 0.143, 0.178, 0.2122, 0.2432, 0.2738, 0.296, 0.3272, 0.3416, 0.3726, 0.4102, 0.4278, 0.4654], "test_acc": [0.10333333333333333, 0.13083333333333333, 0.15416666666666667, 0.16166666666666665, 0.1775, 0.17666666666666667, 0.1875, 0.19666666666666666, 0.19083333333333333, 0.18833333333333332, 0.1875, 0.19416666666666665, 0.195, 0.20166666666666666, 0.20833333333333334], "train_loss": [2.4018432704925536, 2.3488024547576902, 2.307157968330383, 2.266478660583496, 2.2197454080581664, 2.1762538393974302, 2.122037489128113, 2.0650781558036804, 2.022914630699158, 1.955656617641449, 1.9102254242897034, 1.840662373971939, 1.7763195475101472, 1.7253806144714356, 1.6639409279346467], "test_loss": [2.326287959416707, 2.3182148536046348, 2.3129693404833476, 2.3043993361790975, 2.288410601615906, 2.274287304878235, 2.270923542181651, 2.2720120112101236, 2.2694711486498513, 2.2837091012795767, 2.2799184946219127, 2.285174153248469, 2.292234500249227, 2.2863450674215953, 2.3103842214743295]}