{"train_acc": [0.0976, 0.0958, 0.1016, 0.1006, 0.1052, 0.108, 0.1038, 0.1036, 0.11, 0.1174, 0.1078, 0.1088, 0.1132, 0.1148, 0.1156], "test_acc": [0.10166666666666667, 0.11333333333333333, 0.13333333333333333, 0.1325, 0.09916666666666667, 0.11083333333333334, 0.125, 0.12, 0.1075, 0.10166666666666667, 0.15, 0.13416666666666666, 0.125, 0.09833333333333333, 0.0975], "train_loss": [2.472354383133471, 2.418170949521537, 2.386417682178485, 2.3738183247776456, 2.3643768919161716, 2.3506251185085065, 2.34536926510235, 2.348988584436167, 2.3352009084658882, 2.3286385075352825, 2.333912852092292, 2.325380576685214, 2.321749358512342, 2.3248483616703997, 2.3205045834897806], "test_loss": [2.4369049882888794, 2.507434730529785, 2.5732308610280357, 2.503993763923645, 2.464882483482361, 2.4630958207448326, 2.428680585225423, 2.4701291370391845, 2.4151121123631794, 2.5061157004038495, 2.4323732980092365, 2.444827709197998, 2.4454050342241924, 2.489771531422933, 2.4027300548553465]}