{"train_acc": [0.6076, 0.954, 0.991, 0.997, 0.999, 0.9998, 0.9998, 1.0, 0.9998, 1.0, 0.9994, 1.0, 1.0, 0.9992, 1.0], "test_acc": [0.2125, 0.24583333333333332, 0.22083333333333333, 0.265, 0.2525, 0.2625, 0.27166666666666667, 0.2425, 0.26166666666666666, 0.26666666666666666, 0.24833333333333332, 0.24416666666666667, 0.2708333333333333, 0.2833333333333333, 0.275], "train_loss": [1.5561030696868896, 0.34192811784744265, 0.08941969717144967, 0.03476740888077766, 0.018987874366156756, 0.009959257889539004, 0.006067509834747762, 0.0035886750028003007, 0.0034904985597124325, 0.0016347168683656492, 0.002824289773975033, 0.0014319849642604823, 0.0008531497025745921, 0.00352439717995876, 0.0009554860183648998], "test_loss": [2.2739481512705484, 2.5174155894915264, 2.7916348576545715, 2.996039337317149, 3.0890495586395263, 3.2473505028088887, 3.324240106741587, 3.418981235822042, 3.498368348280589, 3.6796355322996774, 3.6002209623654684, 3.6952222832043966, 3.76812743584315, 3.9158585246404014, 3.822790881792704]}