{"train_acc": [0.089, 0.083, 0.077, 0.0748, 0.0838], "test_acc": [0.08416666666666667, 0.08083333333333333, 0.08166666666666667, 0.08416666666666667, 0.085], "train_loss": [2.3358026495375954, 2.3229682110369017, 2.318689088090159, 2.3150899372161766, 2.3129312565532354], "test_loss": [2.3038161627451577, 2.3033803780873616, 2.302975117365519, 2.302839199701945, 2.3025832970937095]}