{"train_acc": [0.439, 0.8264, 0.9586, 0.9848, 0.9938, 0.9966, 0.998, 0.998, 0.9998, 0.9998, 0.9992, 0.9996, 1.0, 0.9972, 0.9994], "test_acc": [0.16416666666666666, 0.22666666666666666, 0.2625, 0.2425, 0.25083333333333335, 0.26666666666666666, 0.25916666666666666, 0.2733333333333333, 0.24666666666666667, 0.2375, 0.2608333333333333, 0.26416666666666666, 0.2941666666666667, 0.2808333333333333, 0.25916666666666666], "train_loss": [1.8711516134262085, 0.8261535885334015, 0.2790625689834356, 0.11880832407623529, 0.057315116235986355, 0.03465350289605558, 0.023680208765342832, 0.01619509992832318, 0.008513185977796092, 0.0074697444688761605, 0.005970194408250973, 0.004762544670060743, 0.0031659117249655537, 0.010070587580028222, 0.00613138409749954], "test_loss": [2.246556629339854, 2.3999749318758647, 2.545819633801778, 2.761618571281433, 2.9459374459584553, 3.278938143253326, 3.2970291805267333, 3.2536891786257427, 3.5385936721165976, 3.8503342000643412, 3.6339359712600707, 3.6294635248184206, 3.714515463511149, 3.716469348271688, 3.7405574552218117]}