{"train_acc": [0.1068, 0.1024, 0.0996], "test_acc": [0.105, 0.105, 0.10333333333333333], "train_loss": [2.3180426313907287, 2.3191824562941927, 2.3199595831617525], "test_loss": [2.2987884722257914, 2.2993374121816537, 2.298134502611662]}