{"train_acc": [0.0472, 0.0786, 0.1228, 0.1756, 0.2036, 0.248, 0.3194, 0.35, 0.4278, 0.5, 0.5562, 0.6122, 0.6774, 0.7152, 0.767], "test_acc": [0.10916666666666666, 0.10166666666666667, 0.19, 0.1425, 0.15416666666666667, 0.17833333333333334, 0.2325, 0.235, 0.22416666666666665, 0.23833333333333334, 0.24166666666666667, 0.22666666666666666, 0.21833333333333332, 0.19416666666666665, 0.18916666666666668], "train_loss": [2.46706943572322, 2.324399275115774, 2.299412848074225, 2.2727836083762254, 2.2477641090562073, 2.2035317918922326, 2.142878099332882, 2.081765544565418, 1.9916153195538098, 1.8836320819734018, 1.7735288852377782, 1.650242100033579, 1.5144364433952524, 1.3936768128902097, 1.2685783663882484], "test_loss": [2.3026758495130037, 2.2964787106764946, 2.291265688444439, 2.2838388995120398, 2.2753928837023283, 2.2645163536071777, 2.244832346313878, 2.234446958491677, 2.228982837576615, 2.2261627975263094, 2.2220459737275777, 2.2362364279596427, 2.249229355862266, 2.2575263224150004, 2.260776030389886]}