{"train_acc": [0.0608, 0.0492, 0.0696, 0.0852, 0.0848, 0.0744, 0.0842, 0.0896, 0.0834, 0.1058, 0.1038, 0.1094, 0.131, 0.1492, 0.1658, 0.1706, 0.192, 0.2144, 0.227, 0.241, 0.2666, 0.2814, 0.3056, 0.3316, 0.3454, 0.3702, 0.3888, 0.4276, 0.4612, 0.4886], "test_acc": [0.09916666666666667, 0.11583333333333333, 0.11166666666666666, 0.12333333333333334, 0.135, 0.14666666666666667, 0.13666666666666666, 0.13833333333333334, 0.13583333333333333, 0.0925, 0.135, 0.1375, 0.1425, 0.12416666666666666, 0.1375, 0.15416666666666667, 0.16166666666666665, 0.16833333333333333, 0.1625, 0.16833333333333333, 0.16333333333333333, 0.16333333333333333, 0.16, 0.15166666666666667, 0.13583333333333333, 0.14083333333333334, 0.15916666666666668, 0.1675, 0.1575, 0.17166666666666666], "train_loss": [2.4525390984136846, 2.3361715606496305, 2.317630441882942, 2.3093669022185894, 2.3070738526839243, 2.312307397021523, 2.303669365146492, 2.3031708530232877, 2.2986554707152935, 2.2896714995178997, 2.275907468192185, 2.2586176636852797, 2.242333748672582, 2.2182678693457496, 2.190830135647255, 2.17230764672726, 2.1454451265214365, 2.115723795528653, 2.0798085505449317, 2.0504707369623305, 2.0127142275436016, 1.9775881752183166, 1.9336860013913504, 1.8834084755257716, 1.8308317193502113, 1.795275425609154, 1.742455681668052, 1.6953702636911898, 1.6385067927686474, 1.5930487023124211], "test_loss": [2.303636224646317, 2.3012318987595406, 2.3006415367126465, 2.300152527658563, 2.300667511789422, 2.2987342633699117, 2.2968397516953316, 2.2938599586486816, 2.28954984012403, 2.2824709038985405, 2.2727777205015482, 2.2645974661174573, 2.260244890263206, 2.2567575856258997, 2.2527797535846106, 2.2505641046323275, 2.2513325653578105, 2.2469945455852307, 2.250590631836339, 2.2507309035251013, 2.2487052365353235, 2.2524603605270386, 2.2512153010619316, 2.2496532578217354, 2.256832160447773, 2.2722778947729814, 2.2840666645451595, 2.291201616588392, 2.3100027222382393, 2.322894711243479]}