{"train_acc": [0.114, 0.1606, 0.2192, 0.3016, 0.3918, 0.479, 0.5486, 0.618, 0.6974, 0.745, 0.7934, 0.83, 0.862, 0.887, 0.9094], "test_acc": [0.0425, 0.13583333333333333, 0.12583333333333332, 0.14, 0.13333333333333333, 0.13416666666666666, 0.1275, 0.1625, 0.18583333333333332, 0.15416666666666667, 0.18583333333333332, 0.1825, 0.2025, 0.18083333333333335, 0.185], "train_loss": [2.3026687366485596, 2.2526090703964234, 2.1477811782836915, 1.9849283935546875, 1.7816056118011474, 1.5599028518676759, 1.3439292932510376, 1.1517551522254943, 0.9583612784862519, 0.8074296268463135, 0.6674937508821488, 0.5525585280299187, 0.47078286399841307, 0.38851983026862147, 0.3220484364271164], "test_loss": [2.297211998303731, 2.291705149014791, 2.2886787207921344, 2.2680410663286845, 2.3146700263023376, 2.4184667456150053, 2.486013842423757, 2.6190076524019243, 2.8181687915325164, 2.938535756965478, 3.020844184656938, 3.2675662039220335, 3.224377864698569, 3.5615260090430576, 3.5824549886584283]}