{"train_acc": [0.072, 0.0598, 0.073, 0.088, 0.0886, 0.091, 0.1038, 0.1006, 0.1134, 0.114, 0.1194, 0.1274, 0.1292, 0.1472, 0.1626], "test_acc": [0.09416666666666666, 0.08833333333333333, 0.0725, 0.0625, 0.08, 0.0925, 0.0925, 0.12416666666666666, 0.12583333333333332, 0.115, 0.11333333333333333, 0.145, 0.17416666666666666, 0.17333333333333334, 0.18416666666666667], "train_loss": [2.4742813547955285, 2.338412257689464, 2.3184906319726872, 2.3096844455863854, 2.306682794908934, 2.3046579783475853, 2.3022637186171133, 2.3025216633760475, 2.29825857621205, 2.296592860282222, 2.2896477059472966, 2.279048352301875, 2.274022192894658, 2.2567746624161926, 2.241659043710443], "test_loss": [2.3027599987230802, 2.300523983804803, 2.300456084703144, 2.3003285307633248, 2.29976655307569, 2.299105543839304, 2.2965539129156816, 2.2947793132380436, 2.290363023155614, 2.287164487336811, 2.2820097521731726, 2.2749016661393013, 2.2684783684579948, 2.2632112440310026, 2.258138242520784]}