{"train_acc": [0.092, 0.0946, 0.1036, 0.0978, 0.1068, 0.1022, 0.1046, 0.0994, 0.096, 0.106], "test_acc": [0.11, 0.09833333333333333, 0.10916666666666666, 0.1, 0.09833333333333333, 0.10416666666666667, 0.10083333333333333, 0.08333333333333333, 0.08833333333333333, 0.09333333333333334], "train_loss": [2.312919087600708, 2.312139706039429, 2.3056214962005614, 2.3107056983947754, 2.3096551666259764, 2.3084824954986574, 2.307622231292725, 2.311106057357788, 2.3100090198516847, 2.3074466640472413], "test_loss": [2.3055024337768555, 2.302949040730794, 2.304484545389811, 2.3042624123891193, 2.3044403918584186, 2.304802641868591, 2.302005476951599, 2.303594396909078, 2.3017637395858763, 2.3030433956782024]}