{"train_acc": [0.0932, 0.1012, 0.1056, 0.1016, 0.1072, 0.1076, 0.1042, 0.1056, 0.1124, 0.1128, 0.1174, 0.107, 0.108, 0.1158, 0.1092], "test_acc": [0.10083333333333333, 0.11416666666666667, 0.16, 0.095, 0.10166666666666667, 0.09666666666666666, 0.13416666666666666, 0.12416666666666666, 0.12333333333333334, 0.10333333333333333, 0.08583333333333333, 0.10083333333333333, 0.095, 0.09916666666666667, 0.11916666666666667], "train_loss": [2.469278546567923, 2.421909656768409, 2.387186186382184, 2.3760093168709604, 2.361829822436689, 2.3517511176605956, 2.344941578353175, 2.342239772168973, 2.3310538998807964, 2.3293584547103783, 2.3325949252223053, 2.3336362857788133, 2.327955228832964, 2.322579811937131, 2.3196611884302984], "test_loss": [2.486049908002218, 2.457819390296936, 2.413800017038981, 2.4250879430770875, 2.377986895243327, 2.3556527201334636, 2.442399827639262, 2.4872312355041504, 2.3769714911778768, 2.5673575385411582, 2.4510101381937663, 2.463621031443278, 2.40184210618337, 2.4113418610890704, 2.312238742510478]}