{"train_acc": [0.116, 0.1606, 0.238, 0.3094, 0.378, 0.46, 0.5274, 0.6104, 0.6716, 0.732, 0.7902, 0.8286, 0.8638, 0.8772, 0.91], "test_acc": [0.10583333333333333, 0.12833333333333333, 0.10333333333333333, 0.14666666666666667, 0.13416666666666666, 0.12166666666666667, 0.125, 0.13833333333333334, 0.1475, 0.1375, 0.16083333333333333, 0.16333333333333333, 0.15833333333333333, 0.1675, 0.1625], "train_loss": [2.303035238647461, 2.248920223236084, 2.1350470970153808, 1.9912051094055176, 1.8227860858917235, 1.6090247398376465, 1.413121387386322, 1.1935303347587585, 1.0107051326751708, 0.8451727793693542, 0.7008085780143738, 0.5780971251010895, 0.4720361116051674, 0.4146674539387226, 0.33197500377893446], "test_loss": [2.297459643681844, 2.2949695873260496, 2.281832022666931, 2.288628587722778, 2.3410683290163674, 2.464253101348877, 2.5646739466985067, 2.7046097691853843, 2.853613902727763, 2.9898177019755043, 3.046160839398702, 3.1887318833669025, 3.4417921805381777, 3.516708629926046, 3.5718177795410155]}