{"train_acc": [0.126, 0.092, 0.0848, 0.0972, 0.132, 0.196, 0.1682, 0.0782, 0.0672, 0.0692, 0.0708, 0.0812, 0.0838, 0.097, 0.1042], "test_acc": [0.07666666666666666, 0.1325, 0.115, 0.06166666666666667, 0.0925, 0.06166666666666667, 0.05416666666666667, 0.1125, 0.08416666666666667, 0.14416666666666667, 0.11666666666666667, 0.085, 0.1375, 0.10416666666666667, 0.095], "train_loss": [2.3251447841382253, 2.3337326175488604, 2.2967203234712157, 2.266813636206971, 2.273593491639573, 2.2210719021745384, 2.200056144604668, 2.2021473280538006, 2.153704050630807, 2.10759005074303, 2.077343951398953, 2.054377606882455, 2.03192123437461, 2.0128160429457886, 1.984340634589759], "test_loss": [7.6745953909556075, 7.575155739784241, 5.972124436696371, 8.648431944847108, 9.002509994506836, 11.931600408554077, 8.935184251467387, 5.329558387597402, 7.070645213127136, 8.241692258417606, 8.477475962638856, 12.217841580708821, 8.169716962178548, 9.947942940394084, 10.2511820658048]}