{"train_acc": [0.0938, 0.0996, 0.0976, 0.0982, 0.0962, 0.0896, 0.1018, 0.098, 0.0974, 0.0922], "test_acc": [0.1, 0.10333333333333333, 0.10583333333333333, 0.10916666666666666, 0.11083333333333334, 0.10416666666666667, 0.10333333333333333, 0.10666666666666667, 0.10083333333333333, 0.105], "train_loss": [2.3123498931884767, 2.309961917114258, 2.3136552574157716, 2.3131685249328613, 2.31405470161438, 2.3166433700561524, 2.3137894889831543, 2.3140195533752443, 2.3129527576446534, 2.3130967514038088], "test_loss": [2.303031942049662, 2.3029181003570556, 2.3033504899342856, 2.302753817240397, 2.3030286979675294, 2.3028219175338744, 2.3024162737528484, 2.302548017501831, 2.3021034749348956, 2.302380946477254]}