{"train_acc": [0.096, 0.0926, 0.1156, 0.1238, 0.1396, 0.1722, 0.1986, 0.2158, 0.242, 0.2684], "test_acc": [0.11416666666666667, 0.12166666666666667, 0.13583333333333333, 0.14083333333333334, 0.17416666666666666, 0.16583333333333333, 0.16916666666666666, 0.17833333333333334, 0.17666666666666667, 0.17916666666666667], "train_loss": [2.3289421085357667, 2.306989295196533, 2.297689198303223, 2.2851775188446046, 2.2668577907562257, 2.2394768482208254, 2.209150448989868, 2.1822777154922486, 2.1433139303207396, 2.099197008228302], "test_loss": [2.302150403658549, 2.3022138690948486, 2.2992350180943806, 2.2961993408203125, 2.2891885662078857, 2.2857800674438478, 2.281775756676992, 2.2821017185846966, 2.278978705406189, 2.2834626126289366]}