{"train_acc": [0.0324, 0.069, 0.0892, 0.0912, 0.1, 0.1252, 0.1446, 0.1518, 0.1978, 0.2136, 0.2454, 0.2734, 0.3132, 0.351, 0.395], "test_acc": [0.11333333333333333, 0.12833333333333333, 0.135, 0.1525, 0.12833333333333333, 0.19583333333333333, 0.19083333333333333, 0.22166666666666668, 0.23916666666666667, 0.22916666666666666, 0.2683333333333333, 0.2875, 0.29083333333333333, 0.2875, 0.2875], "train_loss": [2.463480249235902, 2.325127879275551, 2.3102025834819937, 2.3030991252464585, 2.298956807655624, 2.2917176349253596, 2.2810220537306387, 2.2673487150216403, 2.234962821006775, 2.2076516860648048, 2.1642769876914687, 2.1128167985360835, 2.0533908273600323, 1.9918305300459076, 1.9124628727949118], "test_loss": [2.3015582185042534, 2.2983045201552543, 2.2955549767142847, 2.293320003308748, 2.2878805085232385, 2.280598853763781, 2.26992540610464, 2.2627540262121904, 2.242798980913664, 2.231170051976254, 2.21590214654019, 2.195352579417982, 2.1913078395943892, 2.193335771560669, 2.190942588605379]}