{"train_acc": [0.1726, 0.1102, 0.0918, 0.1346, 0.1148, 0.0884, 0.066, 0.0552, 0.0864, 0.09, 0.0622, 0.069, 0.0684, 0.0698, 0.0592], "test_acc": [0.10083333333333333, 0.1, 0.1, 0.1, 0.10083333333333333, 0.1025, 0.1, 0.11666666666666667, 0.1, 0.1, 0.1, 0.1, 0.1, 0.1, 0.10416666666666667], "train_loss": [2.289316370229053, 2.3173524612074443, 2.314395374553219, 2.313959647895424, 2.265220756743364, 2.2929144642155643, 2.3080907308371965, 2.3177858120316914, 2.2919823724752777, 2.3069161715780853, 2.3165560679830564, 2.307702471496193, 2.3077309313853074, 2.309745777944091, 2.3071464322934485], "test_loss": [2.3028669545525, 2.3027345883218864, 2.3027700185775757, 2.3044045410658183, 2.302553754103811, 2.302418307254189, 2.302541161838331, 2.303064321216784, 2.311813596047853, 2.304196677709881, 2.302469824489794, 2.3024546911841943, 2.30244253183666, 2.326849052780553, 2.3058745045410958]}