{"train_acc": [0.048, 0.082, 0.128, 0.192, 0.256, 0.326, 0.394, 0.484, 0.482, 0.6, 0.628, 0.74, 0.756, 0.822, 0.86], "test_acc": [0.11666666666666667, 0.18333333333333332, 0.225, 0.20833333333333334, 0.275, 0.31666666666666665, 0.375, 0.375, 0.425, 0.425, 0.43333333333333335, 0.4583333333333333, 0.5, 0.525, 0.5166666666666667], "train_loss": [2.482147315191844, 2.3247859856439015, 2.2921609008123003, 2.250970991830977, 2.2234536201234847, 2.1767136634342252, 2.104300548159887, 2.035084109457712, 1.9605256224435472, 1.8554959618856037, 1.752814165183476, 1.5932528594183544, 1.467508472147442, 1.3229370306408594, 1.1740506452227395], "test_loss": [2.305220031738281, 2.2877492745717367, 2.274514087041219, 2.2569265842437742, 2.2357762972513835, 2.2094889163970945, 2.1767241319020587, 2.135858146349589, 2.0868051290512084, 2.0429927666982013, 1.9817840814590455, 1.9193056344985961, 1.845952566464742, 1.7747645298639934, 1.7097195148468018]}