{"train_acc": [0.146, 0.286, 0.444, 0.5, 0.602, 0.648, 0.744, 0.784, 0.846, 0.88, 0.912, 0.958, 0.954, 0.978, 0.988], "test_acc": [0.3, 0.35, 0.35833333333333334, 0.4166666666666667, 0.5, 0.4666666666666667, 0.5083333333333333, 0.525, 0.6083333333333333, 0.625, 0.7, 0.7083333333333334, 0.725, 0.7583333333333333, 0.7833333333333333], "train_loss": [2.284136249905541, 2.19858151390439, 2.072379195500934, 1.9363294839859009, 1.7660467586820088, 1.6129616574635581, 1.4195171897373502, 1.2430684916556827, 1.0827778104751828, 0.9179451002015008, 0.7577913985365913, 0.6171497863436503, 0.4976419841959363, 0.4242039448212063, 0.3224943779290669], "test_loss": [2.2533283710479735, 2.1937494119008383, 2.1152920087178546, 2.0190839687983195, 1.9046979665756225, 1.8281950076421103, 1.7226059118906656, 1.6156243324279784, 1.501206358273824, 1.388404377301534, 1.2779468099276226, 1.2128519376118978, 1.1086007992426554, 1.0306002418200175, 0.9746781309445699]}