{"train_acc": [0.058, 0.106, 0.108], "test_acc": [0.11666666666666667, 0.13333333333333333, 0.13333333333333333], "train_loss": [2.321217003322783, 2.3064379010881697, 2.2970949278937445], "test_loss": [2.2999672094980874, 2.2963685830434164, 2.2932512124379474]}