{"train_acc": [0.106, 0.192, 0.248, 0.262, 0.35, 0.412, 0.422, 0.436, 0.486, 0.526, 0.536, 0.628, 0.644, 0.654, 0.69], "test_acc": [0.125, 0.26666666666666666, 0.3333333333333333, 0.39166666666666666, 0.3416666666666667, 0.39166666666666666, 0.4, 0.43333333333333335, 0.4083333333333333, 0.4666666666666667, 0.44166666666666665, 0.44166666666666665, 0.5083333333333333, 0.49166666666666664, 0.5333333333333333], "train_loss": [2.3125795051455498, 2.249535918235779, 2.2235067412257195, 2.1712890565395355, 2.118814416229725, 2.047446895390749, 2.002342462539673, 1.933909647166729, 1.8605776876211166, 1.7994431555271149, 1.6993347257375717, 1.5956577360630035, 1.5345364175736904, 1.4535919539630413, 1.3805971406400204], "test_loss": [2.300264894962311, 2.2557575702667236, 2.2285923659801483, 2.2006876468658447, 2.163650304079056, 2.114310100674629, 2.0714088082313538, 2.021166115999222, 1.9789369851350784, 1.9302773177623749, 1.8864153921604156, 1.831311047077179, 1.793545350432396, 1.7122545540332794, 1.6699529886245728]}