{"train_acc": [0.138, 0.028, 0.0], "test_acc": [0.1, 0.1, 0.1], "train_loss": [5.508274416540868, 2.336200195645529, 2.3225754821111284], "test_loss": [2.3032398859659833, 2.3030557155609133, 2.3028340021769207]}