{"train_acc": [0.112, 0.318, 0.424, 0.516, 0.542, 0.646, 0.648, 0.708, 0.754, 0.812, 0.822, 0.86, 0.886, 0.93, 0.938], "test_acc": [0.15833333333333333, 0.275, 0.3333333333333333, 0.4083333333333333, 0.35, 0.475, 0.5, 0.5166666666666667, 0.5416666666666666, 0.5583333333333333, 0.5916666666666667, 0.5833333333333334, 0.625, 0.6666666666666666, 0.6833333333333333], "train_loss": [2.294524036347866, 2.2220211774110794, 2.138004034757614, 2.039900276809931, 1.9297894835472107, 1.8049170263111591, 1.6954166367650032, 1.5770946219563484, 1.4347545579075813, 1.2854613922536373, 1.1682517975568771, 1.027913300320506, 0.9230127576738596, 0.7966917473822832, 0.6979759130626917], "test_loss": [2.291420578956604, 2.2388960421085358, 2.1917146146297455, 2.1307576298713684, 2.072494700551033, 1.9917603880167007, 1.926947459578514, 1.8717922419309616, 1.7425956726074219, 1.667721450328827, 1.599476382136345, 1.552117332816124, 1.4253149032592773, 1.373963937163353, 1.289788156747818]}