{"train_acc": [0.168, 0.314, 0.376, 0.46, 0.558, 0.546, 0.636, 0.69, 0.738, 0.786, 0.814, 0.852, 0.904, 0.916, 0.942], "test_acc": [0.13333333333333333, 0.30833333333333335, 0.35, 0.38333333333333336, 0.4166666666666667, 0.43333333333333335, 0.4666666666666667, 0.5083333333333333, 0.525, 0.55, 0.5916666666666667, 0.6333333333333333, 0.6333333333333333, 0.6666666666666666, 0.6833333333333333], "train_loss": [2.2880653515458107, 2.2015126049518585, 2.113510236144066, 2.014723625034094, 1.8776632845401764, 1.778590690344572, 1.648862298578024, 1.518320556730032, 1.3926771730184555, 1.2736128345131874, 1.1420046277344227, 1.0029411762952805, 0.8751299642026424, 0.7967640683054924, 0.6855681668967009], "test_loss": [2.2981876134872437, 2.2254203259944916, 2.1719133257865906, 2.109514594078064, 2.0339381992816925, 1.9532042443752289, 1.8956858217716217, 1.8167640566825867, 1.7348380833864212, 1.6943698227405548, 1.5781659185886383, 1.5126444399356842, 1.4141889661550522, 1.363619402050972, 1.2743881717324257]}