{"train_acc": [0.134, 0.39, 0.57, 0.682, 0.762, 0.798, 0.87, 0.922, 0.932, 0.976, 0.992, 0.994, 0.994, 0.998, 0.996], "test_acc": [0.11666666666666667, 0.175, 0.15833333333333333, 0.18333333333333332, 0.19166666666666668, 0.20833333333333334, 0.19166666666666668, 0.18333333333333332, 0.16666666666666666, 0.15833333333333333, 0.16666666666666666, 0.2, 0.2, 0.19166666666666668, 0.2], "train_loss": [2.2808170924111018, 2.151678274548243, 1.976381050215827, 1.749368665710328, 1.5257059827683463, 1.3002699216206868, 1.0524045768238248, 0.8217483579166351, 0.6795302955877214, 0.5076187016471984, 0.3900817623214116, 0.28131475382381016, 0.23752036335922422, 0.17118040720621744, 0.14972893095442227], "test_loss": [2.286980072657267, 2.2580276012420653, 2.226975107192993, 2.2059369405110676, 2.182002806663513, 2.2171315352121987, 2.2101195176442463, 2.221302604675293, 2.2283346176147463, 2.245827809969584, 2.221228853861491, 2.275955009460449, 2.2512079954147337, 2.280085802078247, 2.2911192814509076]}